0,:05
3,:19
2,:32
1,1:09
0,1:12
1,1:27
2,1:36
1,1:41
2,1:45
1,2:24
2,2:39
1,2:44
2,2:46
1,3:24
2,3:27
3,3:43
1,3:45
0,5:39
1,6:24
2,6:39
3,6:44
0,7:20
3,7:34
2,7:39
3,7:41
2,7:51
3,8:20
2,8:23
3,8:39
0,8:47
2,9:00
3,9:08
2,9:11
3,9:14
0,9:26
3,9:28
0,10:08
1,10:15
0,10:20
1,10:30
0,10:46
3,10:53
0,11:10
1,11:16
3,11:17
1,11:20
2,11:22
3,11:29
0,11:42
1,11:48
0, 12:01
1,12:04
0,12:09
1,12:32
2,12:34
3,12:39
0,13:33
1,13:55
0,14:02
2,14:12
3,14:20
0,14:38
3,14:51
0,15:10
1,15:23
3,15:25
2,15:49
1,16:40
0,16:42
1,16:48
0,17:29
1,17:49
0,17:53
1,18:03
0,18:05
1,18:07
3,18:14
2,18:21
3,18:25
2,18:41
3,18:55
2,19:09
3,19:15
2,19:29
3,19:39
2,19:55
3,20:02
2,20:13
3,20:39
2,20:41
3,20:43
2,20:47
3,20:48
2,20:54
3,20:55
2,21:01
3,21:02
2,21:08
1,21:18
3,21:22
2,21:27
3,22:02
2,22:21
3,22:46
1,23:27
0,23:31
1,23:37
0,23:39
1,23:40
0,23:44
1,24:01
3,24:05
0,24:13
1,24:33
0,24:54
1,25:01
0,25:06
1,25:10
0,25:32